Date,User,Kind,Model,Max Mode,Input (w/ Cache Write),Input (w/o Cache Write),Cache Read,Output Tokens,Total Tokens,Cost
"2025-12-29T07:18:44.038Z","herondevteam@ab.gridlexmail.com","On-Demand","claude-4.5-opus-high-thinking","No","1853","17","143645","790","146305","0.14"
"2025-12-29T07:18:07.915Z","herondevteam@ab.gridlexmail.com","On-Demand","claude-4.5-opus-high-thinking","No","35667","8","11272","864","47811","0.26"
"2025-12-26T13:15:25.456Z","herondevteam@ab.gridlexmail.com","On-Demand","auto","No","116207","226652","222720","11492","577071","0.55"
"2025-12-26T12:50:29.528Z","herondevteam@ab.gridlexmail.com","On-Demand","auto","No","217116","0","298496","2969","518581","0.36"
"2025-12-26T10:02:52.197Z","herondevteam@ab.gridlexmail.com","On-Demand","auto","No","6533","1972","513024","2528","524057","0.15"
"2025-12-26T10:00:39.716Z","herondevteam@ab.gridlexmail.com","On-Demand","auto","No","12778","2488","492032","3386","510684","0.16"
"2025-12-26T09:39:35.565Z","herondevteam@ab.gridlexmail.com","On-Demand","auto","No","153031","0","307200","3878","464109","0.29"
"2025-12-26T09:28:59.394Z","herondevteam@ab.gridlexmail.com","On-Demand","claude-4.5-opus-high-thinking","No","14906","112","34474","176","49668","0.13"
"2025-12-26T09:28:10.687Z","herondevteam@ab.gridlexmail.com","On-Demand","claude-4.5-opus-high-thinking","No","326","14161","34148","750","49385","0.12"
"2025-12-26T09:24:36.409Z","herondevteam@ab.gridlexmail.com","On-Demand","claude-4.5-opus-high-thinking","No","18825","332","81784","1265","102206","0.22"
"2025-12-26T09:21:41.945Z","herondevteam@ab.gridlexmail.com","On-Demand","claude-4.5-opus-high-thinking","No","4051","14172","11272","3025","32520","0.19"
"2025-12-26T09:19:41.984Z","herondevteam@ab.gridlexmail.com","On-Demand","claude-4.5-opus-high-thinking","No","16488","114","628747","1295","646644","0.61"
"2025-12-26T09:18:36.260Z","herondevteam@ab.gridlexmail.com","On-Demand","claude-4.5-opus-high-thinking","No","351","14196","144954","976","160477","0.21"
"2025-12-26T09:16:48.038Z","herondevteam@ab.gridlexmail.com","On-Demand","claude-4.5-opus-high-thinking","No","1016","89","143938","261","145304","0.12"
"2025-12-26T09:16:02.882Z","herondevteam@ab.gridlexmail.com","On-Demand","claude-4.5-opus-high-thinking","No","14772","99","129166","928","144965","0.22"
"2025-12-26T09:15:07.746Z","herondevteam@ab.gridlexmail.com","On-Demand","claude-4.5-opus-high-thinking","No","117894","13952","11272","827","143945","0.87"
"2025-12-26T08:59:39.827Z","herondevteam@ab.gridlexmail.com","On-Demand","claude-4.5-opus-high-thinking","No","14275","148","228452","939","243814","0.29"
"2025-12-26T08:58:36.577Z","herondevteam@ab.gridlexmail.com","On-Demand","claude-4.5-opus-high-thinking","No","1565","108","339736","878","342287","0.29"
"2025-12-26T08:57:52.442Z","herondevteam@ab.gridlexmail.com","On-Demand","claude-4.5-opus-high-thinking","No","101314","14150","108776","1510","225750","0.85"
"2025-12-26T08:48:02.240Z","herondevteam@ab.gridlexmail.com","On-Demand","claude-4.5-opus-high-thinking","No","14670","111","82370","352","97503","0.17"
"2025-12-26T08:46:51.668Z","herondevteam@ab.gridlexmail.com","On-Demand","claude-4.5-opus-high-thinking","No","1164","14078","81206","591","97039","0.16"
"2025-12-26T08:43:21.088Z","herondevteam@ab.gridlexmail.com","On-Demand","claude-4.5-opus-high-thinking","No","1060","125","80146","1038","82369","0.09"
"2025-12-26T08:42:45.505Z","herondevteam@ab.gridlexmail.com","On-Demand","claude-4.5-opus-high-thinking","No","668","145","79478","914","81205","0.09"
"2025-12-26T08:40:46.629Z","herondevteam@ab.gridlexmail.com","On-Demand","claude-4.5-opus-high-thinking","No","68206","1019","88969","845","159039","0.54"
"2025-12-26T07:25:25.447Z","herondevteam@ab.gridlexmail.com","On-Demand","claude-4.5-opus-high-thinking","No","19267","158","868117","4127","891669","0.88"
"2025-12-26T07:25:01.792Z","herondevteam@ab.gridlexmail.com","On-Demand","claude-4.5-opus-high-thinking","No","314","824","57560","391","59089","0.06"
"2025-12-26T07:21:13.181Z","herondevteam@ab.gridlexmail.com","On-Demand","claude-4.5-opus-high-thinking","No","5417","306","325558","3510","334791","0.37"
"2025-12-26T07:20:15.835Z","herondevteam@ab.gridlexmail.com","On-Demand","claude-4.5-opus-high-thinking","No","2363","306","202999","1489","207157","0.21"
"2025-12-26T07:18:51.773Z","herondevteam@ab.gridlexmail.com","On-Demand","claude-4.5-opus-high-thinking","No","7324","137","320113","3905","331479","0.39"
"2025-12-26T07:17:43.644Z","herondevteam@ab.gridlexmail.com","On-Demand","claude-4.5-opus-high-thinking","No","15027","130","55470","2284","72911","0.20"
"2025-12-26T07:16:35.244Z","herondevteam@ab.gridlexmail.com","On-Demand","claude-4.5-opus-high-thinking","No","1217","6","26212","605","28040","0.04"
"2025-12-26T07:14:24.428Z","herondevteam@ab.gridlexmail.com","On-Demand","claude-4.5-opus-high-thinking","No","14940","7","11272","975","27194","0.13"
"2025-12-26T06:40:42.290Z","herondevteam@ab.gridlexmail.com","On-Demand","claude-4.5-opus-high-thinking","No","9123","315","468060","2476","479974","0.47"
"2025-12-26T06:39:42.960Z","herondevteam@ab.gridlexmail.com","On-Demand","claude-4.5-opus-high-thinking","No","38288","4428","13712","264","56692","0.29"
"2025-12-24T13:40:02.573Z","herondevteam@ab.gridlexmail.com","On-Demand","claude-4.5-opus-high-thinking","No","98978","13908","216522","1362","330770","0.91"
"2025-12-24T13:33:54.674Z","herondevteam@ab.gridlexmail.com","On-Demand","claude-4.5-opus-high-thinking","No","3148","556","374653","899","379256","0.33"
"2025-12-24T13:30:22.417Z","herondevteam@ab.gridlexmail.com","On-Demand","claude-4.5-opus-high-thinking","No","1639","505","90385","539","93068","0.09"
"2025-12-24T13:28:02.664Z","herondevteam@ab.gridlexmail.com","On-Demand","claude-4.5-opus-high-thinking","No","2492","688","362080","784","366044","0.31"
"2025-12-24T13:25:55.373Z","herondevteam@ab.gridlexmail.com","On-Demand","claude-4.5-opus-high-thinking","No","78139","407","363900","1356","443802","0.82"
"2025-12-24T13:18:42.463Z","herondevteam@ab.gridlexmail.com","On-Demand","claude-4.5-opus-high-thinking","No","74757","3869","515610","2454","596690","0.95"
"2025-12-24T13:06:24.186Z","herondevteam@ab.gridlexmail.com","On-Demand","claude-4.5-opus-high-thinking","No","67305","737","244467","951","313460","0.65"
"2025-12-24T12:58:13.631Z","herondevteam@ab.gridlexmail.com","On-Demand","claude-4.5-opus-high-thinking","No","64251","600","11272","630","76753","0.45"
"2025-12-24T12:50:30.858Z","herondevteam@ab.gridlexmail.com","On-Demand","claude-4.5-opus-high-thinking","No","15161","267","60032","65","75525","0.15"
"2025-12-24T12:47:55.840Z","herondevteam@ab.gridlexmail.com","On-Demand","claude-4.5-opus-high-thinking","No","800","14181","59232","992","75205","0.15"
"2025-12-24T12:46:58.618Z","herondevteam@ab.gridlexmail.com","On-Demand","claude-4.5-opus-high-thinking","No","16949","333","42283","475","60040","0.16"
"2025-12-24T12:42:47.232Z","herondevteam@ab.gridlexmail.com","On-Demand","claude-4.5-opus-high-thinking","No","47538","14353","562709","4722","629322","0.93"
"2025-12-24T12:41:14.746Z","herondevteam@ab.gridlexmail.com","On-Demand","claude-4.5-opus-high-thinking","No","154900","359","666893","1689","823841","1.55"
"2025-12-24T12:37:49.960Z","herondevteam@ab.gridlexmail.com","On-Demand","claude-4.5-opus-high-thinking","No","149580","2969","2367179","5164","2524892","2.89"
"2025-12-24T12:30:11.479Z","herondevteam@ab.gridlexmail.com","On-Demand","claude-4.5-opus-high-thinking","No","135838","461","2260384","8725","2405408","2.80"
"2025-12-24T12:06:11.564Z","herondevteam@ab.gridlexmail.com","On-Demand","claude-4.5-opus-high-thinking","No","3525","181","638219","1865","643790","0.55"
"2025-12-24T12:04:39.387Z","herondevteam@ab.gridlexmail.com","On-Demand","claude-4.5-opus-high-thinking","No","237","121","125831","415","126604","0.11"
"2025-12-24T12:04:07.589Z","herondevteam@ab.gridlexmail.com","On-Demand","claude-4.5-opus-high-thinking","No","114559","794","134462","772","250587","0.87"
"2025-12-24T11:57:01.618Z","herondevteam@ab.gridlexmail.com","On-Demand","claude-4.5-opus-high-thinking","No","13459","313","458765","7278","479815","0.62"
"2025-12-24T11:55:21.338Z","herondevteam@ab.gridlexmail.com","On-Demand","claude-4.5-opus-high-thinking","No","12354","411","97005","1008","110778","0.18"
"2025-12-24T11:51:53.763Z","herondevteam@ab.gridlexmail.com","On-Demand","claude-4.5-opus-high-thinking","No","479","9946","96526","2410","109361","0.19"
"2025-12-24T11:48:55.544Z","herondevteam@ab.gridlexmail.com","On-Demand","claude-4.5-opus-high-thinking","No","6495","1648","465500","3470","477113","0.49"
"2025-12-24T11:45:16.792Z","herondevteam@ab.gridlexmail.com","On-Demand","claude-4.5-opus-high-thinking","No","8185","411","517103","3611","529310","0.53"
"2025-12-24T11:40:29.188Z","herondevteam@ab.gridlexmail.com","On-Demand","claude-4.5-opus-high-thinking","No","71901","9221","944920","8899","1034941","1.45"
"2025-12-24T08:30:00.582Z","herondevteam@ab.gridlexmail.com","On-Demand","auto","No","19526","0","380928","7156","407610","0.16"
"2025-12-24T08:11:14.479Z","herondevteam@ab.gridlexmail.com","On-Demand","auto","No","5864","0","116224","1547","123635","0.05"
"2025-12-24T08:05:14.633Z","herondevteam@ab.gridlexmail.com","On-Demand","auto","No","8946","0","190464","3878","203288","0.08"
"2025-12-24T08:03:55.889Z","herondevteam@ab.gridlexmail.com","On-Demand","auto","No","9336","0","131072","3480","143888","0.07"
"2025-12-24T08:01:38.484Z","herondevteam@ab.gridlexmail.com","On-Demand","auto","No","3017","0","20480","760","24257","0.01"
"2025-12-24T07:59:59.295Z","herondevteam@ab.gridlexmail.com","On-Demand","auto","No","5881","0","49152","1254","56287","0.03"
"2025-12-24T07:01:38.688Z","herondevteam@ab.gridlexmail.com","On-Demand","claude-4.5-opus-high-thinking","No","38850","167527","11272","6831","224480","0.46"
"2025-12-24T07:00:55.501Z","herondevteam@ab.gridlexmail.com","On-Demand","claude-4.5-opus-high-thinking","No","0","0","0","0","0","0.00"
"2025-12-23T14:31:33.679Z","herondevteam@ab.gridlexmail.com","On-Demand","claude-4.5-opus-high-thinking","No","32376","20167","910901","7187","970631","1.18"
"2025-12-23T14:28:26.800Z","herondevteam@ab.gridlexmail.com","On-Demand","claude-4.5-opus-high-thinking","No","25943","1979","117871","1271","147064","0.30"
"2025-12-23T14:20:44.884Z","herondevteam@ab.gridlexmail.com","On-Demand","claude-4.5-opus-high-thinking","No","8731","589","281926","4279","295525","0.38"
"2025-12-23T14:17:59.339Z","herondevteam@ab.gridlexmail.com","On-Demand","claude-4.5-opus-high-thinking","No","12699","1328","76765","2434","93226","0.21"
"2025-12-23T14:07:30.417Z","herondevteam@ab.gridlexmail.com","On-Demand","claude-4.5-opus-high-thinking","No","8408","655","1499106","3889","1512058","1.28"
"2025-12-23T14:05:15.735Z","herondevteam@ab.gridlexmail.com","On-Demand","claude-4.5-opus-high-thinking","No","277","493","162122","330","163222","0.13"
"2025-12-23T14:01:57.615Z","herondevteam@ab.gridlexmail.com","On-Demand","claude-4.5-opus-high-thinking","No","150850","25804","1265387","3677","1445718","2.16"
"2025-12-23T12:45:05.303Z","herondevteam@ab.gridlexmail.com","On-Demand","claude-4.5-opus-high-thinking","No","1917","628","260490","992","264027","0.24"
"2025-12-23T12:44:09.020Z","herondevteam@ab.gridlexmail.com","On-Demand","claude-4.5-opus-high-thinking","No","793","109","129238","324","130464","0.11"
"2025-12-23T12:43:25.018Z","herondevteam@ab.gridlexmail.com","On-Demand","claude-4.5-opus-high-thinking","No","189","417","129049","378","130033","0.11"
"2025-12-23T12:42:07.285Z","herondevteam@ab.gridlexmail.com","On-Demand","claude-4.5-opus-high-thinking","No","117777","11139","128190","1097","258203","0.95"
"2025-12-23T11:58:35.851Z","herondevteam@ab.gridlexmail.com","On-Demand","claude-4.5-opus-high-thinking","No","3500","1710","459063","1628","465901","0.42"
"2025-12-23T11:57:16.666Z","herondevteam@ab.gridlexmail.com","On-Demand","claude-4.5-opus-high-thinking","No","2139","923","222545","862","226469","0.21"
"2025-12-23T11:54:34.229Z","herondevteam@ab.gridlexmail.com","On-Demand","claude-4.5-opus-high-thinking","No","99782","11440","219517","2543","333282","0.94"
"2025-12-23T11:43:55.167Z","herondevteam@ab.gridlexmail.com","On-Demand","claude-4.5-opus-high-thinking","No","83622","1694","11272","778","97366","0.58"
"2025-12-23T10:54:57.243Z","herondevteam@ab.gridlexmail.com","On-Demand","claude-4.5-opus-high-thinking","No","83243","10925","280885","2190","377243","0.86"
"2025-12-23T10:38:48.683Z","herondevteam@ab.gridlexmail.com","On-Demand","claude-4.5-opus-high-thinking","No","2106","398","157701","1269","161474","0.17"
"2025-12-23T10:37:31.844Z","herondevteam@ab.gridlexmail.com","On-Demand","claude-4.5-opus-high-thinking","No","12312","10605","132606","2111","157634","0.29"
"2025-12-23T10:34:27.444Z","herondevteam@ab.gridlexmail.com","On-Demand","claude-4.5-opus-high-thinking","No","14043","11072","365255","2553","392923","0.49"
"2025-12-23T10:27:43.067Z","herondevteam@ab.gridlexmail.com","On-Demand","claude-4.5-opus-high-thinking","No","35973","15563","692566","7506","751608","1.02"
"2025-12-23T10:26:07.739Z","herondevteam@ab.gridlexmail.com","On-Demand","auto","No","55823","0","173568","3148","232539","0.13"
"2025-12-23T10:22:31.409Z","herondevteam@ab.gridlexmail.com","On-Demand","claude-4.5-opus-high-thinking","No","4789","26","54272","2366","61453","0.13"
"2025-12-23T07:56:32.484Z","herondevteam@ab.gridlexmail.com","On-Demand","auto","No","39047","0","133632","1200","173879","0.09"
"2025-12-23T07:07:58.241Z","herondevteam@ab.gridlexmail.com","On-Demand","claude-4.5-opus-high-thinking","No","44788","15","22544","2446","69793","0.37"
"2025-12-23T04:35:57.797Z","herondevteam@ab.gridlexmail.com","Free","auto","No","36413","0","192512","2215","231140","0.11"
"2025-12-22T15:07:16.132Z","herondevteam@ab.gridlexmail.com","On-Demand","auto","No","6546","0","84992","3504","95042","0.05"
"2025-12-22T14:56:31.362Z","herondevteam@ab.gridlexmail.com","On-Demand","auto","No","5431","0","121344","1084","127859","0.04"
"2025-12-22T14:52:27.884Z","herondevteam@ab.gridlexmail.com","On-Demand","auto","No","19386","0","186368","5466","211220","0.10"
"2025-12-22T14:48:31.450Z","herondevteam@ab.gridlexmail.com","On-Demand","auto","No","15682","0","128000","5617","149299","0.09"
"2025-12-22T12:18:56.439Z","herondevteam@ab.gridlexmail.com","On-Demand","auto","No","14794","0","234496","2330","251620","0.09"
"2025-12-22T12:13:15.027Z","herondevteam@ab.gridlexmail.com","On-Demand","auto","No","9943","0","208384","2220","220547","0.08"
"2025-12-22T12:11:45.495Z","herondevteam@ab.gridlexmail.com","On-Demand","auto","No","17913","0","102400","2765","123078","0.06"
"2025-12-22T08:24:27.782Z","herondevteam@ab.gridlexmail.com","On-Demand","auto","No","8430","0","26112","2464","37006","0.03"
"2025-12-22T07:38:28.972Z","herondevteam@ab.gridlexmail.com","On-Demand","claude-4.5-opus-high-thinking","No","108949","1071","248271","550","358841","0.91"
"2025-12-22T07:09:45.479Z","herondevteam@ab.gridlexmail.com","On-Demand","claude-4.5-opus-high-thinking","No","5142","3235","340342","628","349347","0.32"
"2025-12-22T07:06:45.507Z","herondevteam@ab.gridlexmail.com","On-Demand","claude-4.5-opus-high-thinking","No","6989","4525","210992","1200","223706","0.26"
"2025-12-22T07:05:06.362Z","herondevteam@ab.gridlexmail.com","On-Demand","claude-4.5-opus-high-thinking","No","188412","22","128232","752","317418","1.34"
"2025-12-22T07:04:15.328Z","herondevteam@ab.gridlexmail.com","On-Demand","claude-4.5-opus-high-thinking","No","2283","982","332802","1143","337210","0.30"
"2025-12-22T07:03:37.669Z","herondevteam@ab.gridlexmail.com","On-Demand","claude-4.5-opus-high-thinking","No","155003","526","176586","596","332711","1.16"
"2025-12-21T10:10:06.078Z","herondevteam@ab.gridlexmail.com","Included","auto","No","0","0","0","0","0","0.00"
"2025-12-21T07:09:42.881Z","herondevteam@ab.gridlexmail.com","Included","auto","No","0","0","0","0","0","0.00"
"2025-12-20T09:03:45.075Z","herondevteam@ab.gridlexmail.com","Errored, No Charge","auto","No","0","0","0","0","0","0.00"
"2025-12-20T09:02:06.112Z","herondevteam@ab.gridlexmail.com","Included","auto","No","0","0","0","0","0","0.00"
"2025-12-20T08:06:49.442Z","herondevteam@ab.gridlexmail.com","Included","auto","No","0","0","0","0","0","0.00"
"2025-12-20T08:06:06.652Z","herondevteam@ab.gridlexmail.com","Included","auto","No","0","0","0","0","0","0.00"
"2025-12-20T08:02:01.150Z","herondevteam@ab.gridlexmail.com","On-Demand","auto","No","80377","0","245248","3629","329254","0.18"
"2025-12-20T06:17:29.217Z","herondevteam@ab.gridlexmail.com","On-Demand","auto","No","86059","191388","63488","21143","362078","0.49"
"2025-12-19T14:55:21.399Z","herondevteam@ab.gridlexmail.com","On-Demand","claude-4.5-opus-high-thinking","No","12645","4218","81498","2344","100705","0.22"
"2025-12-19T14:54:21.209Z","herondevteam@ab.gridlexmail.com","On-Demand","claude-4.5-opus-high-thinking","No","38332","2500","54461","1896","97189","0.35"
"2025-12-19T14:50:15.387Z","herondevteam@ab.gridlexmail.com","On-Demand","auto","No","24017","0","357376","1899","383292","0.13"
"2025-12-19T14:38:44.204Z","herondevteam@ab.gridlexmail.com","On-Demand","auto","No","21851","0","666112","6903","694866","0.24"
"2025-12-19T14:28:19.401Z","herondevteam@ab.gridlexmail.com","On-Demand","auto","No","81338","0","404480","6412","492230","0.24"
"2025-12-19T14:22:19.529Z","herondevteam@ab.gridlexmail.com","On-Demand","auto","No","173759","0","334848","11374","519981","0.37"
"2025-12-19T14:22:07.398Z","herondevteam@ab.gridlexmail.com","On-Demand","claude-4.5-opus-high-thinking","No","153758","1370","338167","1180","494475","1.29"
"2025-12-19T14:19:05.991Z","herondevteam@ab.gridlexmail.com","On-Demand","auto","No","180376","0","369152","2250","551778","0.33"
"2025-12-19T14:18:21.863Z","herondevteam@ab.gridlexmail.com","On-Demand","claude-4.5-opus-high-thinking","No","2989","107","36923","729","40748","0.07"
"2025-12-19T14:16:00.175Z","herondevteam@ab.gridlexmail.com","On-Demand","claude-4.5-opus-high-thinking","No","23211","1013","13712","1989","39925","0.22"
"2025-12-19T13:36:18.853Z","herondevteam@ab.gridlexmail.com","On-Demand","claude-4.5-opus-high-thinking","No","23163","4203","43955","2482","73803","0.27"
"2025-12-19T12:21:17.390Z","herondevteam@ab.gridlexmail.com","On-Demand","claude-4.5-opus-high-thinking","No","598","121","161584","150","162453","0.13"
"2025-12-19T12:20:47.464Z","herondevteam@ab.gridlexmail.com","On-Demand","claude-4.5-opus-high-thinking","No","580","168","161004","431","162183","0.14"
"2025-12-19T12:20:02.809Z","herondevteam@ab.gridlexmail.com","On-Demand","claude-4.5-opus-high-thinking","No","4200","127","314845","3313","322485","0.35"
"2025-12-19T12:19:08.827Z","herondevteam@ab.gridlexmail.com","On-Demand","claude-4.5-opus-high-thinking","No","145532","709","11272","531","158044","0.97"
"2025-12-19T11:49:06.802Z","herondevteam@ab.gridlexmail.com","On-Demand","auto","No","65203","0","444416","3186","512805","0.21"
"2025-12-19T11:41:51.161Z","herondevteam@ab.gridlexmail.com","On-Demand","claude-4.5-opus-high-thinking","No","1638","29","25878","2705","30250","0.10"
"2025-12-19T11:41:00.674Z","herondevteam@ab.gridlexmail.com","On-Demand","auto","No","51112","0","536064","11829","599005","0.27"
"2025-12-19T11:40:36.768Z","herondevteam@ab.gridlexmail.com","On-Demand","claude-4.5-opus-high-thinking","No","6798","6","19080","1641","27525","0.10"
"2025-12-19T11:37:26.685Z","herondevteam@ab.gridlexmail.com","On-Demand","claude-4.5-opus-high-thinking","No","5368","7","13712","1973","21060","0.10"
"2025-12-19T11:37:01.283Z","herondevteam@ab.gridlexmail.com","On-Demand","auto","No","14246","0","913408","2578","930232","0.26"
"2025-12-19T11:31:01.919Z","herondevteam@ab.gridlexmail.com","On-Demand","auto","No","176932","0","3334144","8778","3519854","1.11"
"2025-12-19T11:29:39.577Z","herondevteam@ab.gridlexmail.com","On-Demand","claude-4.5-opus-high-thinking","No","830","743","154561","671","156805","0.14"
"2025-12-19T11:26:17.188Z","herondevteam@ab.gridlexmail.com","On-Demand","claude-4.5-opus-high-thinking","No","143289","36710","125454","4411","309864","1.33"
"2025-12-19T10:27:34.908Z","herondevteam@ab.gridlexmail.com","On-Demand","claude-4.5-opus-high-thinking","No","102379","35139","979785","5273","1122576","1.72"
"2025-12-19T10:26:19.413Z","herondevteam@ab.gridlexmail.com","On-Demand","auto","No","19403","0","1012224","3371","1034998","0.30"
"2025-12-19T10:04:54.170Z","herondevteam@ab.gridlexmail.com","On-Demand","auto","No","98734","0","1047552","19184","1165470","0.50"
"2025-12-19T09:52:46.445Z","herondevteam@ab.gridlexmail.com","On-Demand","auto","No","42538","0","135680","1599","179817","0.10"
"2025-12-19T09:52:44.184Z","herondevteam@ab.gridlexmail.com","On-Demand","claude-4.5-opus-high-thinking","No","57493","730","11272","3155","72650","0.47"
"2025-12-19T09:45:58.821Z","herondevteam@ab.gridlexmail.com","On-Demand","auto","No","12366","0","30720","1316","44402","0.03"
"2025-12-19T09:38:20.895Z","herondevteam@ab.gridlexmail.com","On-Demand","auto","No","98610","0","1036800","9229","1144639","0.44"
"2025-12-19T09:31:10.716Z","herondevteam@ab.gridlexmail.com","On-Demand","claude-4.5-opus-high-thinking","No","5764","109","127386","3852","137111","0.23"
"2025-12-19T09:30:22.495Z","herondevteam@ab.gridlexmail.com","On-Demand","claude-4.5-opus-high-thinking","No","39226","130","23454","1899","64709","0.32"
"2025-12-19T09:28:34.926Z","herondevteam@ab.gridlexmail.com","On-Demand","claude-4.5-opus-high-thinking","No","12182","35666","11272","3577","62697","0.37"
"2025-12-19T09:26:05.468Z","herondevteam@ab.gridlexmail.com","On-Demand","auto","No","176427","0","1063424","3248","1243099","0.51"
"2025-12-19T08:29:11.611Z","herondevteam@ab.gridlexmail.com","On-Demand","auto","No","10169","0","992256","4055","1006480","0.29"
"2025-12-19T08:27:51.261Z","herondevteam@ab.gridlexmail.com","On-Demand","auto","No","14249","0","548864","9213","572326","0.21"
"2025-12-19T08:26:49.420Z","herondevteam@ab.gridlexmail.com","On-Demand","auto","No","24244","0","449024","1264","474532","0.15"
"2025-12-19T08:17:38.089Z","herondevteam@ab.gridlexmail.com","On-Demand","auto","No","21756","0","1173504","11945","1207205","0.39"
"2025-12-19T08:13:07.256Z","herondevteam@ab.gridlexmail.com","On-Demand","auto","No","132922","0","539136","2837","674895","0.32"
"2025-12-19T08:11:24.457Z","herondevteam@ab.gridlexmail.com","On-Demand","auto","No","18444","0","360448","1874","380766","0.12"
"2025-12-19T08:01:07.816Z","herondevteam@ab.gridlexmail.com","On-Demand","auto","No","59562","0","627200","20527","707289","0.35"
"2025-12-19T07:57:46.249Z","herondevteam@ab.gridlexmail.com","On-Demand","auto","No","31072","0","148480","8249","187801","0.13"
"2025-12-19T07:41:23.884Z","herondevteam@ab.gridlexmail.com","On-Demand","auto","No","44514","0","429056","9727","483297","0.22"
"2025-12-19T07:29:54.059Z","herondevteam@ab.gridlexmail.com","On-Demand","auto","No","79938","0","171008","1580","252526","0.15"
"2025-12-19T07:27:42.011Z","herondevteam@ab.gridlexmail.com","On-Demand","auto","No","11094","0","144896","362","156352","0.05"
"2025-12-19T07:21:52.486Z","herondevteam@ab.gridlexmail.com","On-Demand","auto","No","7851","0","279552","2336","289739","0.09"
"2025-12-19T07:19:26.750Z","herondevteam@ab.gridlexmail.com","On-Demand","auto","No","15538","0","413696","4990","434224","0.15"
"2025-12-19T07:12:58.278Z","herondevteam@ab.gridlexmail.com","On-Demand","auto","No","9580","0","440320","3986","453886","0.15"
"2025-12-19T07:08:07.189Z","herondevteam@ab.gridlexmail.com","On-Demand","auto","No","25690","0","242688","6034","274412","0.13"
"2025-12-19T06:42:09.847Z","herondevteam@ab.gridlexmail.com","On-Demand","auto","No","31891","0","27648","13530","73069","0.13"
"2025-12-19T06:35:04.095Z","herondevteam@ab.gridlexmail.com","On-Demand","auto","No","19467","213","241152","6965","267797","0.13"
"2025-12-19T06:29:03.236Z","herondevteam@ab.gridlexmail.com","On-Demand","auto","No","33882","0","65536","13393","112811","0.14"
"2025-12-19T06:26:38.843Z","herondevteam@ab.gridlexmail.com","On-Demand","claude-4.5-opus-high-thinking","No","7651","129","43102","1131","52013","0.11"
"2025-12-19T06:24:38.085Z","herondevteam@ab.gridlexmail.com","On-Demand","claude-4.5-opus-high-thinking","No","29390","6618","13712","1046","50766","0.26"
"2025-12-18T14:01:48.507Z","herondevteam@ab.gridlexmail.com","On-Demand","claude-4.5-opus-high-thinking","No","906","97","84403","390","85796","0.08"
"2025-12-18T14:00:17.444Z","herondevteam@ab.gridlexmail.com","On-Demand","claude-4.5-opus-high-thinking","No","7741","249","68684","555","77229","0.12"
"2025-12-18T13:57:11.765Z","herondevteam@ab.gridlexmail.com","On-Demand","claude-4.5-opus-high-thinking","No","20675","480","80045","1007","102207","0.22"
"2025-12-18T13:50:02.889Z","herondevteam@ab.gridlexmail.com","On-Demand","claude-4.5-opus-high-thinking","No","18985","439","73974","1798","95196","0.23"
"2025-12-18T13:44:41.476Z","herondevteam@ab.gridlexmail.com","On-Demand","claude-4.5-opus-high-thinking","No","1614","325","50338","1365","53642","0.08"
"2025-12-18T13:40:46.488Z","herondevteam@ab.gridlexmail.com","On-Demand","claude-4.5-opus-high-thinking","No","13857","309","34706","1409","50281","0.15"
"2025-12-18T13:31:24.974Z","herondevteam@ab.gridlexmail.com","On-Demand","claude-4.5-opus-high-thinking","No","1263","239","67515","676","69693","0.08"
"2025-12-18T13:29:35.419Z","herondevteam@ab.gridlexmail.com","On-Demand","claude-4.5-opus-high-thinking","No","10814","295","32353","938","44400","0.12"
"2025-12-18T13:20:14.814Z","herondevteam@ab.gridlexmail.com","On-Demand","claude-4.5-opus-high-thinking","No","9465","38","102346","2477","114326","0.20"
"2025-12-18T09:42:32.326Z","herondevteam@ab.gridlexmail.com","On-Demand","auto","No","24500","0","345600","1703","371803","0.13"
"2025-12-18T09:31:34.748Z","herondevteam@ab.gridlexmail.com","On-Demand","auto","No","96890","0","106496","612","203998","0.15"
"2025-12-18T08:07:54.542Z","herondevteam@ab.gridlexmail.com","On-Demand","auto","No","19830","0","479744","4642","504216","0.17"
"2025-12-18T08:05:10.929Z","herondevteam@ab.gridlexmail.com","On-Demand","auto","No","27963","0","379392","3039","410394","0.15"
"2025-12-18T07:55:24.922Z","herondevteam@ab.gridlexmail.com","On-Demand","auto","No","26660","0","282624","9259","318543","0.16"
"2025-12-18T07:41:40.143Z","herondevteam@ab.gridlexmail.com","On-Demand","auto","No","20548","0","115712","2384","138644","0.07"
"2025-12-18T05:52:29.615Z","herondevteam@ab.gridlexmail.com","On-Demand","auto","No","18074","0","221184","12483","251741","0.15"
"2025-12-18T05:50:35.378Z","herondevteam@ab.gridlexmail.com","On-Demand","auto","No","18400","0","155136","4656","178192","0.09"
"2025-12-17T11:26:41.015Z","herondevteam@ab.gridlexmail.com","On-Demand","auto","No","24521","0","108032","7621","140174","0.10"
"2025-12-17T11:22:10.746Z","herondevteam@ab.gridlexmail.com","On-Demand","auto","No","44025","0","566272","5412","615709","0.23"
"2025-12-17T11:04:05.360Z","herondevteam@ab.gridlexmail.com","On-Demand","claude-4.5-sonnet-thinking","No","1320","491","153988","823","156622","0.10"
"2025-12-17T11:02:37.786Z","herondevteam@ab.gridlexmail.com","On-Demand","claude-4.5-sonnet-thinking","No","142849","534","11139","1085","155607","0.60"
"2025-12-17T10:51:48.590Z","herondevteam@ab.gridlexmail.com","On-Demand","claude-4.5-sonnet-thinking","No","34605","560","722745","5240","763150","0.62"
"2025-12-17T10:48:19.186Z","herondevteam@ab.gridlexmail.com","On-Demand","claude-4.5-opus-high-thinking","No","1777","146","196588","788","199299","0.18"
"2025-12-17T10:48:12.705Z","herondevteam@ab.gridlexmail.com","On-Demand","claude-4.5-sonnet-thinking","No","107806","28019","11139","1657","148621","0.55"
"2025-12-17T10:47:43.749Z","herondevteam@ab.gridlexmail.com","On-Demand","claude-4.5-opus-high-thinking","No","53539","2472","64173","832","121016","0.43"
"2025-12-17T10:36:52.710Z","herondevteam@ab.gridlexmail.com","On-Demand","claude-4.5-sonnet-thinking","No","108102","14784","1500529","5768","1629183","1.39"
"2025-12-17T10:30:20.262Z","herondevteam@ab.gridlexmail.com","On-Demand","claude-4.5-opus-high-thinking","No","30549","62","466618","6761","503990","0.72"
"2025-12-17T10:26:56.802Z","herondevteam@ab.gridlexmail.com","On-Demand","claude-4.5-sonnet-thinking","No","85953","14768","555506","2864","659091","0.74"
"2025-12-17T10:25:48.388Z","herondevteam@ab.gridlexmail.com","On-Demand","claude-4.5-opus-high-thinking","No","10604","8","11272","2721","24605","0.15"
"2025-12-17T10:17:03.689Z","herondevteam@ab.gridlexmail.com","On-Demand","claude-4.5-sonnet-thinking","No","57236","15559","1894662","19136","1986593","1.61"
"2025-12-17T09:26:33.714Z","herondevteam@ab.gridlexmail.com","On-Demand","auto","No","3810","0","112128","941","116879","0.04"
"2025-12-17T09:15:48.498Z","herondevteam@ab.gridlexmail.com","On-Demand","auto","No","1035","0","34816","400","36251","0.01"
"2025-12-17T09:14:41.063Z","herondevteam@ab.gridlexmail.com","On-Demand","auto","No","29785","0","35840","944","66569","0.05"
"2025-12-17T08:38:27.226Z","herondevteam@ab.gridlexmail.com","On-Demand","auto","No","26263","0","280576","5260","312099","0.13"
"2025-12-17T08:26:38.462Z","herondevteam@ab.gridlexmail.com","Included","gpt-4o","No","0","0","0","0","0","0.00"
"2025-12-17T08:10:08.614Z","herondevteam@ab.gridlexmail.com","On-Demand","auto","No","7371","0","6656","317","14344","0.01"
"2025-12-17T08:02:44.960Z","herondevteam@ab.gridlexmail.com","On-Demand","auto","No","21568","0","133120","3937","158625","0.08"
"2025-12-17T06:57:22.988Z","herondevteam@ab.gridlexmail.com","On-Demand","claude-4.5-opus-high-thinking","No","4748","6","15910","2793","23457","0.11"
"2025-12-17T06:55:06.941Z","herondevteam@ab.gridlexmail.com","On-Demand","claude-4.5-opus-high-thinking","No","4638","7","11272","4672","20589","0.16"
"2025-12-17T05:27:41.882Z","herondevteam@ab.gridlexmail.com","On-Demand","claude-4.5-opus-high-thinking","No","46923","10836","317378","2576","377713","0.66"
"2025-12-17T05:18:41.498Z","herondevteam@ab.gridlexmail.com","On-Demand","claude-4.5-opus-high-thinking","No","105468","43","111088","1484","218083","0.81"
"2025-12-17T05:03:09.463Z","herondevteam@ab.gridlexmail.com","On-Demand","claude-4.5-opus-high-thinking","No","87372","20011","71688","2683","181754","0.79"
"2025-12-17T05:01:07.056Z","herondevteam@ab.gridlexmail.com","On-Demand","claude-4.5-opus-high-thinking","No","1096","101","19786","643","21626","0.04"
"2025-12-17T04:56:38.730Z","herondevteam@ab.gridlexmail.com","On-Demand","claude-4.5-opus-high-thinking","No","8514","14","29778","2306","40612","0.14"
"2025-12-16T14:44:46.491Z","herondevteam@ab.gridlexmail.com","On-Demand","claude-4.5-opus-high-thinking","No","11228","12","31642","2565","45447","0.16"
"2025-12-16T13:08:44.707Z","herondevteam@ab.gridlexmail.com","On-Demand","auto","No","17544","0","87040","5045","109629","0.07"
"2025-12-16T12:11:05.252Z","herondevteam@ab.gridlexmail.com","Included","gpt-4o","No","0","0","0","0","0","0.00"
"2025-12-16T12:09:17.926Z","herondevteam@ab.gridlexmail.com","Included","gpt-4o","No","0","0","0","0","0","0.00"
"2025-12-16T11:52:12.444Z","herondevteam@ab.gridlexmail.com","Included","auto","No","0","0","0","0","0","0.00"
"2025-12-16T11:51:46.542Z","herondevteam@ab.gridlexmail.com","Included","auto","No","0","0","0","0","0","0.00"
"2025-12-16T11:49:11.043Z","herondevteam@ab.gridlexmail.com","Included","gpt-4o","No","0","0","0","0","0","0.00"
"2025-12-16T11:43:11.602Z","herondevteam@ab.gridlexmail.com","Included","gpt-4o","No","0","0","0","0","0","0.00"
"2025-12-16T11:14:08.257Z","herondevteam@ab.gridlexmail.com","Included","gpt-4o","No","0","0","0","0","0","0.00"
"2025-12-16T11:12:18.131Z","herondevteam@ab.gridlexmail.com","Included","gpt-4o","No","0","0","0","0","0","0.00"
"2025-12-15T13:38:36.820Z","herondevteam@ab.gridlexmail.com","On-Demand","claude-4.5-opus-high-thinking","No","384944","93","1149184","17175","1551396","3.80"
"2025-12-15T12:43:53.267Z","herondevteam@ab.gridlexmail.com","On-Demand","claude-4.5-opus-high-thinking","No","26293","3506","320075","4448","354322","0.54"
"2025-12-15T11:20:49.763Z","herondevteam@ab.gridlexmail.com","On-Demand","claude-4.5-opus-high-thinking","No","35347","524","50912","1331","88114","0.30"
"2025-12-15T10:53:00.272Z","herondevteam@ab.gridlexmail.com","On-Demand","claude-4.5-opus-high-thinking","No","27899","10196","323848","5350","367293","0.61"
"2025-12-15T10:43:10.688Z","herondevteam@ab.gridlexmail.com","On-Demand","claude-4.5-opus-high-thinking","No","26773","27","131468","2350","160618","0.33"
"2025-12-15T10:19:55.212Z","herondevteam@ab.gridlexmail.com","On-Demand","claude-4.5-opus-high-thinking","No","44855","404","169144","2009","216412","0.47"
"2025-12-15T09:49:59.529Z","herondevteam@ab.gridlexmail.com","On-Demand","claude-4.5-opus-high-thinking","No","647","4292","41781","931","47651","0.08"
"2025-12-15T09:45:28.423Z","herondevteam@ab.gridlexmail.com","On-Demand","claude-4.5-opus-high-thinking","No","13824","394","56217","799","71234","0.15"
"2025-12-15T09:43:33.617Z","herondevteam@ab.gridlexmail.com","On-Demand","claude-4.5-opus-high-thinking","No","16685","786","64613","1106","83190","0.19"
"2025-12-15T09:34:31.662Z","herondevteam@ab.gridlexmail.com","On-Demand","claude-4.5-opus-high-thinking","No","4074","393","68532","2206","75205","0.14"
"2025-12-15T09:32:11.291Z","herondevteam@ab.gridlexmail.com","On-Demand","claude-4.5-opus-high-thinking","No","10411","12","28279","1706","40408","0.13"
"2025-12-15T09:24:32.131Z","herondevteam@ab.gridlexmail.com","On-Demand","claude-4.5-opus-high-thinking","No","2738","450","181012","1850","186050","0.20"
"2025-12-15T09:23:14.924Z","herondevteam@ab.gridlexmail.com","On-Demand","claude-4.5-opus-high-thinking","No","2279","399","174602","722","178002","0.17"
"2025-12-15T09:20:34.282Z","herondevteam@ab.gridlexmail.com","On-Demand","claude-4.5-opus-high-thinking","No","46034","396","59282","982","106694","0.37"
"2025-12-15T09:14:38.429Z","herondevteam@ab.gridlexmail.com","On-Demand","claude-4.5-opus-high-thinking","No","36010","408","55877","878","93173","0.30"
"2025-12-15T08:24:11.377Z","herondevteam@ab.gridlexmail.com","On-Demand","claude-4.5-opus-high-thinking","No","32874","344","54406","741","88365","0.28"
"2025-12-15T08:21:49.923Z","herondevteam@ab.gridlexmail.com","On-Demand","claude-4.5-opus-high-thinking","No","14074","375","342852","3193","360494","0.43"
"2025-12-15T08:20:38.045Z","herondevteam@ab.gridlexmail.com","On-Demand","claude-4.5-opus-high-thinking","No","2921","510","77876","563","81870","0.09"
"2025-12-15T08:18:47.003Z","herondevteam@ab.gridlexmail.com","On-Demand","claude-4.5-opus-high-thinking","No","3909","546","68738","1019","74212","0.11"
"2025-12-15T08:17:00.587Z","herondevteam@ab.gridlexmail.com","On-Demand","claude-4.5-opus-high-thinking","No","497","100","42710","456","43763","0.05"
"2025-12-15T08:16:22.982Z","herondevteam@ab.gridlexmail.com","On-Demand","claude-4.5-opus-high-thinking","No","1384","325","40456","342","42507","0.05"
"2025-12-15T08:16:21.428Z","herondevteam@ab.gridlexmail.com","On-Demand","auto","No","49069","1456","524800","14731","590056","0.28"
"2025-12-15T08:12:50.142Z","herondevteam@ab.gridlexmail.com","On-Demand","claude-4.5-opus-high-thinking","No","8612","17","48334","1663","58626","0.13"
"2025-12-15T07:26:52.749Z","herondevteam@ab.gridlexmail.com","On-Demand","claude-4.5-opus-high-thinking","No","9234","26","69134","1583","79977","0.15"
"2025-12-14T17:14:03.037Z","herondevteam@ab.gridlexmail.com","On-Demand","claude-4.5-opus-high-thinking","No","508","385","194814","444","196151","0.16"
"2025-12-14T17:12:15.480Z","herondevteam@ab.gridlexmail.com","On-Demand","claude-4.5-opus-high-thinking","No","183542","464","201355","639","386000","1.36"
"2025-12-14T17:10:04.365Z","herondevteam@ab.gridlexmail.com","On-Demand","claude-4.5-opus-high-thinking","No","0","0","0","0","0","0.00"
"2025-12-14T17:04:57.947Z","herondevteam@ab.gridlexmail.com","Errored, No Charge","claude-4.5-opus-high-thinking","No","20882","8679","201107","2587","233255","0.40"
"2025-12-14T17:00:02.747Z","herondevteam@ab.gridlexmail.com","On-Demand","claude-4.5-opus-high-thinking","No","2276","369","564995","1280","568920","0.47"
"2025-12-14T16:54:43.161Z","herondevteam@ab.gridlexmail.com","On-Demand","claude-4.5-opus-high-thinking","No","14899","8719","1089102","3985","1116705","1.06"
"2025-12-14T16:50:36.407Z","herondevteam@ab.gridlexmail.com","Included","claude-4.5-opus-high-thinking","No","14488","10779","489013","3081","517361","0.60"
"2025-12-14T16:47:49.484Z","herondevteam@ab.gridlexmail.com","Included","claude-4.5-opus-high-thinking","No","14345","10665","445863","3079","473952","0.56"
"2025-12-14T16:44:12.574Z","herondevteam@ab.gridlexmail.com","Included","claude-4.5-opus-high-thinking","No","7622","4915","416292","2103","430932","0.44"
"2025-12-14T16:41:31.197Z","herondevteam@ab.gridlexmail.com","Included","claude-4.5-opus-high-thinking","No","8263","4944","392323","2567","408097","0.44"
"2025-12-14T16:37:52.990Z","herondevteam@ab.gridlexmail.com","Included","claude-4.5-opus-high-thinking","No","7784","5053","621976","2566","637379","0.61"
"2025-12-14T16:33:01.475Z","herondevteam@ab.gridlexmail.com","Included","claude-4.5-opus-high-thinking","No","108886","17309","230952","2772","359919","1.04"
"2025-12-14T16:27:11.535Z","herondevteam@ab.gridlexmail.com","Included","claude-4.5-opus-high-thinking","No","87271","262","92723","1436","181692","0.67"
"2025-12-14T16:11:07.687Z","herondevteam@ab.gridlexmail.com","Included","claude-4.5-opus-high-thinking","No","69678","16981","385947","4974","477580","0.96"
"2025-12-14T15:55:33.772Z","herondevteam@ab.gridlexmail.com","Included","claude-4.5-opus-high-thinking","No","34772","11750","11272","897","58691","0.32"
"2025-12-14T15:48:54.666Z","herondevteam@ab.gridlexmail.com","Included","claude-4.5-opus-high-thinking","No","34498","599","186820","2805","224722","0.44"
"2025-12-14T15:37:13.568Z","herondevteam@ab.gridlexmail.com","Included","claude-4.5-opus-high-thinking","No","6968","364","68937","1005","77274","0.12"
"2025-12-14T15:32:42.097Z","herondevteam@ab.gridlexmail.com","Included","claude-4.5-opus-high-thinking","No","22989","348","143975","1643","168955","0.30"
"2025-12-14T15:25:14.799Z","herondevteam@ab.gridlexmail.com","Included","claude-4.5-opus-high-thinking","No","13135","6555","11272","927","31889","0.15"
"2025-12-14T15:11:41.305Z","herondevteam@ab.gridlexmail.com","Included","claude-4.5-opus-high-thinking","No","12712","26","65172","6688","84598","0.30"
"2025-12-12T14:11:58.831Z","herondevteam@ab.gridlexmail.com","Included","claude-4.5-opus-high-thinking","No","4934","2099","77942","2501","87476","0.16"
"2025-12-12T14:07:49.229Z","herondevteam@ab.gridlexmail.com","Included","claude-4.5-opus-high-thinking","No","13046","22","74713","2857","90638","0.21"
"2025-12-12T13:53:08.057Z","herondevteam@ab.gridlexmail.com","Included","claude-4.5-opus-high-thinking","No","4740","8","11272","1588","17608","0.08"
"2025-12-12T09:52:53.611Z","herondevteam@ab.gridlexmail.com","Included","claude-4.5-opus-high-thinking","No","48439","1153","178852","2032","230476","0.51"
"2025-12-12T09:35:12.823Z","herondevteam@ab.gridlexmail.com","Included","auto","No","4408","0","324864","1181","330453","0.09"
"2025-12-12T09:22:58.044Z","herondevteam@ab.gridlexmail.com","Included","auto","No","4265","0","207616","1458","213339","0.07"
"2025-12-12T09:12:44.484Z","herondevteam@ab.gridlexmail.com","Included","auto","No","2850","0","302592","871","306313","0.08"
"2025-12-12T09:11:33.460Z","herondevteam@ab.gridlexmail.com","Included","auto","No","94820","0","497664","1710","594194","0.25"
"2025-12-12T09:10:02.417Z","herondevteam@ab.gridlexmail.com","Included","auto","No","0","0","0","0","0","0.00"
"2025-12-12T09:09:08.542Z","herondevteam@ab.gridlexmail.com","Included","auto","No","0","0","0","0","0","0.00"
"2025-12-12T08:31:34.111Z","herondevteam@ab.gridlexmail.com","Included","auto","No","4394","22118","277248","1712","305472","0.11"
"2025-12-12T08:30:09.159Z","herondevteam@ab.gridlexmail.com","Included","auto","No","4286","19575","355840","2165","381866","0.13"
"2025-12-12T08:26:55.998Z","herondevteam@ab.gridlexmail.com","Included","auto","No","3520","0","343040","1372","347932","0.10"
"2025-12-12T08:24:10.849Z","herondevteam@ab.gridlexmail.com","Included","auto","No","5506","0","493568","1480","500554","0.14"
"2025-12-12T08:19:13.084Z","herondevteam@ab.gridlexmail.com","Included","auto","No","18777","0","499968","3664","522409","0.17"
"2025-12-12T08:17:11.970Z","herondevteam@ab.gridlexmail.com","Included","auto","No","0","0","0","0","0","0.00"
"2025-12-12T08:12:44.871Z","herondevteam@ab.gridlexmail.com","Included","auto","No","0","0","0","0","0","0.00"
"2025-12-12T08:11:00.228Z","herondevteam@ab.gridlexmail.com","Included","auto","No","0","0","0","0","0","0.00"
"2025-12-12T08:10:25.495Z","herondevteam@ab.gridlexmail.com","Included","auto","No","0","0","0","0","0","0.00"
"2025-12-12T08:09:02.849Z","herondevteam@ab.gridlexmail.com","Included","claude-4.5-opus-high-thinking","No","41398","4288","323767","4453","373906","0.65"
"2025-12-12T08:02:19.549Z","herondevteam@ab.gridlexmail.com","Included","auto","No","19154","0","254208","5938","279300","0.12"
"2025-12-12T07:58:10.212Z","herondevteam@ab.gridlexmail.com","Included","auto","No","38089","0","105472","6600","150161","0.11"
"2025-12-12T07:53:54.863Z","herondevteam@ab.gridlexmail.com","Included","claude-4.5-opus-high-thinking","No","27141","68","306995","5562","339766","0.55"
"2025-12-12T07:48:36.728Z","herondevteam@ab.gridlexmail.com","Included","auto","No","770","0","12800","335","13905","0.01"
"2025-12-12T07:47:28.121Z","herondevteam@ab.gridlexmail.com","Included","auto","No","805","0","12032","541","13378","0.01"
"2025-12-12T07:46:48.751Z","herondevteam@ab.gridlexmail.com","Included","auto","No","2102","0","21760","561","24423","0.01"
"2025-12-12T07:34:35.362Z","herondevteam@ab.gridlexmail.com","Included","auto","No","932","0","19712","479","21123","0.01"
"2025-12-12T07:34:01.283Z","herondevteam@ab.gridlexmail.com","Included","auto","No","7202","0","24320","577","32099","0.02"
"2025-12-12T07:15:38.004Z","herondevteam@ab.gridlexmail.com","Included","claude-4.5-opus-high-thinking","No","184131","6014","568961","2461","761567","1.72"
"2025-12-11T18:27:14.385Z","herondevteam@ab.gridlexmail.com","Included","claude-4.5-opus-high-thinking","No","159068","7974","999723","5995","1172760","1.98"
"2025-12-11T18:16:29.261Z","herondevteam@ab.gridlexmail.com","Included","claude-4.5-opus-high-thinking","No","144418","23718","1203767","6524","1378427","2.13"
"2025-12-11T18:07:29.939Z","herondevteam@ab.gridlexmail.com","Included","claude-4.5-opus-high-thinking","No","133722","15933","706053","4358","860066","1.59"
"2025-12-11T17:49:23.025Z","herondevteam@ab.gridlexmail.com","Included","claude-4.5-opus-high-thinking","No","113039","10163","609663","3802","736667","1.34"
"2025-12-11T17:16:36.414Z","herondevteam@ab.gridlexmail.com","Included","claude-4.5-opus-high-thinking","No","98514","10126","536972","3956","649568","1.20"
"2025-12-11T17:02:19.556Z","herondevteam@ab.gridlexmail.com","Included","claude-4.5-opus-high-thinking","No","23116","15418","692068","7035","737637","0.93"
"2025-12-11T16:56:54.274Z","herondevteam@ab.gridlexmail.com","Included","claude-4.5-opus-high-thinking","No","60722","537","221973","1383","284615","0.60"
"2025-12-11T16:32:18.324Z","herondevteam@ab.gridlexmail.com","Included","claude-4.5-opus-high-thinking","No","24111","20165","613987","3281","661544","0.81"
"2025-12-11T16:29:34.410Z","herondevteam@ab.gridlexmail.com","Included","claude-4.5-opus-high-thinking","No","32059","782","94673","993","128507","0.31"
"2025-12-11T14:50:40.816Z","herondevteam@ab.gridlexmail.com","Included","claude-4.5-opus-high-thinking","No","318","389","44178","355","45240","0.05"
"2025-12-11T14:46:34.754Z","herondevteam@ab.gridlexmail.com","Included","claude-4.5-opus-high-thinking","No","32906","2641","258434","1713","295694","0.46"
"2025-12-11T14:35:17.336Z","herondevteam@ab.gridlexmail.com","Included","auto","No","35320","0","1038080","6101","1079501","0.34"
"2025-12-11T14:34:06.737Z","herondevteam@ab.gridlexmail.com","Included","claude-4.5-opus-high-thinking","No","4539","1442","307255","2099","315335","0.32"
"2025-12-11T14:32:04.413Z","herondevteam@ab.gridlexmail.com","Included","claude-4.5-opus-high-thinking","No","27510","605","122748","1407","152270","0.31"
"2025-12-11T14:22:26.266Z","herondevteam@ab.gridlexmail.com","Included","claude-4.5-opus-high-thinking","No","24399","1585","43395","1990","71369","0.25"
"2025-12-11T14:14:37.382Z","herondevteam@ab.gridlexmail.com","Included","claude-4.5-opus-high-thinking","No","24479","50","234004","3827","262360","0.43"
"2025-12-11T14:10:02.341Z","herondevteam@ab.gridlexmail.com","Included","auto","No","55811","0","148224","16472","220507","0.21"
"2025-12-11T14:07:46.851Z","herondevteam@ab.gridlexmail.com","Included","auto","No","2283","0","22272","573","25128","0.01"
"2025-12-11T12:47:12.069Z","herondevteam@ab.gridlexmail.com","Included","auto","No","5322","0","542208","2382","549912","0.16"
"2025-12-11T12:39:08.552Z","herondevteam@ab.gridlexmail.com","Included","auto","No","9307","0","382464","6658","398429","0.15"
"2025-12-11T12:36:50.219Z","herondevteam@ab.gridlexmail.com","Included","auto","No","119791","0","250368","2731","372890","0.23"
"2025-12-11T11:27:22.712Z","herondevteam@ab.gridlexmail.com","Included","claude-4.5-opus-high-thinking","No","351","174","62374","575","63474","0.06"
"2025-12-11T11:25:41.123Z","herondevteam@ab.gridlexmail.com","Included","claude-4.5-opus-high-thinking","No","51718","1971","131447","2088","187224","0.50"
"2025-12-11T11:22:55.679Z","herondevteam@ab.gridlexmail.com","Included","auto","No","4024","0","50432","961","55417","0.02"
"2025-12-11T11:19:40.533Z","herondevteam@ab.gridlexmail.com","Included","auto","No","3740","0","36096","1480","41316","0.02"
"2025-12-11T11:07:34.834Z","herondevteam@ab.gridlexmail.com","Included","auto","No","15711","0","53760","5798","75269","0.07"
"2025-12-11T10:52:06.503Z","herondevteam@ab.gridlexmail.com","Included","claude-4.5-opus-high-thinking","No","9853","317","209881","2604","222655","0.29"
"2025-12-11T10:47:13.334Z","herondevteam@ab.gridlexmail.com","Included","claude-4.5-opus-high-thinking","No","37748","1238","288514","2404","329904","0.53"
"2025-12-11T10:37:21.387Z","herondevteam@ab.gridlexmail.com","Included","claude-4.5-opus-high-thinking","No","2069","268","82056","836","85229","0.10"
"2025-12-11T10:36:49.361Z","herondevteam@ab.gridlexmail.com","Included","claude-4.5-opus-high-thinking","No","243","333","40302","642","41520","0.05"
"2025-12-11T10:34:55.930Z","herondevteam@ab.gridlexmail.com","Included","claude-4.5-opus-high-thinking","No","29646","428","127573","1503","159150","0.33"
"2025-12-11T10:14:53.879Z","herondevteam@ab.gridlexmail.com","Included","claude-4.5-opus-high-thinking","No","10085","22","65294","1660","77061","0.16"
"2025-12-11T10:10:50.149Z","herondevteam@ab.gridlexmail.com","Included","claude-4.5-opus-high-thinking","No","26392","7641","312975","4002","351010","0.55"
"2025-12-11T10:01:32.779Z","herondevteam@ab.gridlexmail.com","Included","claude-4.5-opus-high-thinking","No","13210","52","197962","5366","216590","0.37"
"2025-12-11T09:55:44.150Z","herondevteam@ab.gridlexmail.com","Included","claude-4.5-opus-high-thinking","No","20474","354","213184","2769","236781","0.36"
"2025-12-11T09:53:54.960Z","herondevteam@ab.gridlexmail.com","Included","auto","No","0","0","0","0","0","0.00"
"2025-12-11T09:51:38.606Z","herondevteam@ab.gridlexmail.com","Included","auto","No","0","0","0","0","0","0.00"
"2025-12-11T09:46:23.647Z","herondevteam@ab.gridlexmail.com","Included","claude-4.5-opus-high-thinking","No","3310","363","43377","1136","48186","0.08"
"2025-12-11T09:41:14.917Z","herondevteam@ab.gridlexmail.com","Included","claude-4.5-opus-high-thinking","No","3221","362","36836","1365","41784","0.08"
"2025-12-11T09:36:57.951Z","herondevteam@ab.gridlexmail.com","Included","claude-4.5-opus-high-thinking","No","3962","360","29732","1260","35314","0.08"
"2025-12-11T09:33:35.795Z","herondevteam@ab.gridlexmail.com","Included","claude-4.5-opus-high-thinking","No","2614","14","23515","2075","28218","0.09"
"2025-12-10T12:45:22.701Z","herondevteam@ab.gridlexmail.com","Included","claude-4.5-opus-high-thinking","No","24952","262","46859","347","72420","0.21"
"2025-12-10T12:01:30.560Z","herondevteam@ab.gridlexmail.com","Included","claude-4.5-opus-high-thinking","No","23247","311","41539","1194","66291","0.21"
"2025-12-10T11:54:58.538Z","herondevteam@ab.gridlexmail.com","Included","claude-4.5-opus-high-thinking","No","13720","4126","11272","1150","30268","0.15"
"2025-12-10T10:53:33.909Z","herondevteam@ab.gridlexmail.com","Included","claude-4.5-opus-high-thinking","No","12518","1625","30401","1328","45872","0.15"
"2025-12-10T10:10:11.745Z","herondevteam@ab.gridlexmail.com","Included","claude-4.5-opus-high-thinking","No","3457","1601","31867","1140","38065","0.08"
"2025-12-10T10:05:17.139Z","herondevteam@ab.gridlexmail.com","Included","claude-4.5-opus-high-thinking","No","4287","14","23541","906","28748","0.07"
"2025-12-10T07:43:30.027Z","herondevteam@ab.gridlexmail.com","Included","claude-4.5-opus-high-thinking","No","1872","1232","111803","502","115409","0.12"
"2025-12-10T07:38:46.208Z","herondevteam@ab.gridlexmail.com","Included","claude-4.5-opus-high-thinking","No","2932","378","160701","1488","165499","0.18"
"2025-12-10T07:37:08.966Z","herondevteam@ab.gridlexmail.com","Included","claude-4.5-opus-high-thinking","No","42232","657","162990","2196","208075","0.46"
"2025-12-10T07:28:22.636Z","herondevteam@ab.gridlexmail.com","Included","claude-4.5-opus-high-thinking","No","8620","1015","266815","4355","280805","0.37"
"2025-12-10T07:24:45.460Z","herondevteam@ab.gridlexmail.com","Included","claude-4.5-opus-high-thinking","No","7192","368","181042","4396","192998","0.30"
"2025-12-10T07:23:44.826Z","herondevteam@ab.gridlexmail.com","Included","claude-4.5-opus-high-thinking","No","5868","638","118476","3063","128045","0.21"
"2025-12-10T07:19:58.728Z","herondevteam@ab.gridlexmail.com","Included","claude-4.5-opus-high-thinking","No","16679","1231","57215","3312","78437","0.24"
"2025-12-10T06:51:21.959Z","herondevteam@ab.gridlexmail.com","Included","claude-4.5-opus-high-thinking","No","4521","1087","53673","2487","61768","0.14"
"2025-12-10T06:49:47.881Z","herondevteam@ab.gridlexmail.com","Included","claude-4.5-opus-high-thinking","No","3161","1380","44194","703","49438","0.08"
"2025-12-10T06:45:37.429Z","herondevteam@ab.gridlexmail.com","Included","claude-4.5-opus-high-thinking","No","3127","17","35971","808","39923","0.07"
"2025-12-09T13:19:40.454Z","herondevteam@ab.gridlexmail.com","Included","claude-4.5-opus-high-thinking","No","108750","21902","212752","16585","359989","1.40"
"2025-12-09T11:13:18.878Z","herondevteam@ab.gridlexmail.com","Included","claude-4.5-opus-high-thinking","No","4152","980","155941","857","161930","0.17"
"2025-12-09T11:09:50.395Z","herondevteam@ab.gridlexmail.com","Included","claude-4.5-opus-high-thinking","No","225","1007","77015","463","78710","0.08"
"2025-12-09T11:07:48.149Z","herondevteam@ab.gridlexmail.com","Included","claude-4.5-opus-high-thinking","No","65743","1891","238308","1349","307291","0.65"
"2025-12-09T10:52:42.717Z","herondevteam@ab.gridlexmail.com","Included","claude-4.5-opus-high-thinking","No","62047","26","174450","18528","255051","1.00"
"2025-12-09T08:01:38.158Z","herondevteam@ab.gridlexmail.com","Included","auto","No","2664","0","223744","736","227144","0.06"
"2025-12-09T07:59:24.210Z","herondevteam@ab.gridlexmail.com","Included","auto","No","14666","0","311296","2826","328788","0.11"
"2025-12-09T07:46:34.239Z","herondevteam@ab.gridlexmail.com","Included","auto","No","15893","0","645376","3632","664901","0.20"
"2025-12-09T07:34:20.403Z","herondevteam@ab.gridlexmail.com","Included","auto","No","6777","13751","396544","4762","421834","0.15"
"2025-12-09T07:19:10.688Z","herondevteam@ab.gridlexmail.com","Included","auto","No","4996","0","217856","3679","226531","0.08"
"2025-12-09T07:18:47.899Z","herondevteam@ab.gridlexmail.com","Included","auto","No","0","0","0","0","0","0.00"
"2025-12-09T07:17:23.604Z","herondevteam@ab.gridlexmail.com","Included","auto","No","0","0","0","0","0","0.00"
"2025-12-09T07:05:33.497Z","herondevteam@ab.gridlexmail.com","Included","auto","No","66310","0","134656","5188","206154","0.15"
"2025-12-08T16:43:26.473Z","herondevteam@ab.gridlexmail.com","Included","claude-4.5-opus-high-thinking","No","26238","2674","11272","1","40185","0.19"
"2025-12-08T15:51:37.972Z","herondevteam@ab.gridlexmail.com","Included","claude-4.5-opus-high-thinking","No","25146","133","482287","7662","515228","0.72"
"2025-12-08T15:47:36.989Z","herondevteam@ab.gridlexmail.com","Included","claude-4.5-opus-high-thinking","No","66478","349","73212","1590","141629","0.53"
"2025-12-08T14:59:31.591Z","herondevteam@ab.gridlexmail.com","Included","claude-4.5-opus-high-thinking","No","49625","379","302293","6365","358662","0.71"
"2025-12-08T14:32:32.976Z","herondevteam@ab.gridlexmail.com","Included","claude-4.5-opus-high-thinking","No","16281","396","70390","2568","89635","0.23"
"2025-12-08T14:28:34.577Z","herondevteam@ab.gridlexmail.com","Included","claude-4.5-opus-high-thinking","No","23665","26","85631","8070","117392","0.42"
"2025-12-08T14:13:32.628Z","herondevteam@ab.gridlexmail.com","Included","claude-4.5-opus-high-thinking","No","19228","283","11272","869","31652","0.16"
"2025-12-08T13:50:37.956Z","herondevteam@ab.gridlexmail.com","Included","claude-4.5-opus-high-thinking","No","12849","4544","11272","1850","30515","0.16"
"2025-12-08T12:49:49.049Z","herondevteam@ab.gridlexmail.com","Included","claude-4.5-opus-high-thinking","No","1068","138","175521","448","177175","0.15"
"2025-12-08T12:44:14.674Z","herondevteam@ab.gridlexmail.com","Included","claude-4.5-opus-high-thinking","No","47479","117","1118922","7580","1174098","1.34"
"2025-12-08T09:34:54.070Z","herondevteam@ab.gridlexmail.com","Included","claude-4.5-opus-high-thinking","No","147789","618","10656","798","159861","0.99"
"2025-12-08T08:07:57.442Z","herondevteam@ab.gridlexmail.com","Errored, No Charge","claude-4.5-opus-high-thinking","No","113764","741","3425224","95602","3635331","5.73"
"2025-12-08T08:01:13.877Z","herondevteam@ab.gridlexmail.com","Included","claude-4.5-opus-high-thinking","No","23633","22","71620","11731","107006","0.50"
"2025-12-08T07:31:13.279Z","herondevteam@ab.gridlexmail.com","Included","claude-4.5-opus-high-thinking","No","9622","26","57143","3145","69936","0.18"
"2025-12-07T16:51:18.899Z","herondevteam@ab.gridlexmail.com","Included","claude-4.5-opus-high-thinking","No","17593","641","198984","1491","218709","0.30"
"2025-12-07T16:43:12.110Z","herondevteam@ab.gridlexmail.com","Included","claude-4.5-opus-high-thinking","No","13814","86","291733","3710","309343","0.40"
"2025-12-07T16:41:11.545Z","herondevteam@ab.gridlexmail.com","Included","claude-4.5-opus-high-thinking","No","3388","26","50477","712","54603","0.08"
"2025-12-06T15:49:42.229Z","herondevteam@ab.gridlexmail.com","Included","claude-4.5-opus-high-thinking","No","11238","248","29461","1739","42686","0.14"
"2025-12-06T15:42:53.729Z","herondevteam@ab.gridlexmail.com","Included","claude-4.5-opus-high-thinking","No","4864","14","23404","2175","30457","0.10"
"2025-12-05T14:20:11.515Z","herondevteam@ab.gridlexmail.com","Included","claude-4.5-opus-high-thinking","No","52320","789","639852","2883","695844","0.61"
"2025-12-05T14:15:44.862Z","herondevteam@ab.gridlexmail.com","Included","claude-4.5-opus-high-thinking","No","47066","1626","1290716","5340","1344748","0.98"
"2025-12-05T14:13:48.629Z","herondevteam@ab.gridlexmail.com","Included","claude-4.5-opus-high-thinking","No","168204","8213","354822","1400","532639","0.92"
"2025-12-05T13:18:14.163Z","herondevteam@ab.gridlexmail.com","Included","claude-4.5-opus-high-thinking","No","321812","275","4607123","136041","5065251","5.90"
"2025-12-05T09:44:12.629Z","herondevteam@ab.gridlexmail.com","Included","claude-4.5-opus-high-thinking","No","26050","3104","79741","1698","110593","0.18"
"2025-12-05T07:58:33.885Z","herondevteam@ab.gridlexmail.com","Included","claude-4.5-opus-high-thinking","No","74182","389","344445","7931","426947","0.61"
"2025-12-05T07:44:53.320Z","herondevteam@ab.gridlexmail.com","Included","claude-4.5-opus-high-thinking","No","210987","235","4701688","40644","4953554","4.05"
"2025-12-05T07:44:35.038Z","herondevteam@ab.gridlexmail.com","Included","claude-4.5-opus-high-thinking","No","101694","355","10656","3","112708","0.41"
"2025-12-05T07:30:21.625Z","herondevteam@ab.gridlexmail.com","Included","claude-4.5-opus-high-thinking","No","101344","304","524615","3680","629943","0.75"
"2025-12-05T07:08:41.955Z","herondevteam@ab.gridlexmail.com","Included","claude-4.5-opus-high-thinking","No","152923","82","1578212","27027","1758244","1.89"
"2025-12-05T05:43:37.938Z","herondevteam@ab.gridlexmail.com","Included","auto","No","4433","1972","227584","3474","237463","0.09"
"2025-12-05T05:35:20.613Z","herondevteam@ab.gridlexmail.com","Included","auto","No","3536","0","220160","2456","226152","0.07"
"2025-12-05T05:32:42.182Z","herondevteam@ab.gridlexmail.com","Included","auto","No","14217","26732","308224","5644","354817","0.16"
"2025-12-05T05:27:54.984Z","herondevteam@ab.gridlexmail.com","Included","auto","No","11706","0","283392","5852","300950","0.12"
"2025-12-05T05:24:30.795Z","herondevteam@ab.gridlexmail.com","Included","auto","No","8961","0","165632","3840","178433","0.08"
"2025-12-05T05:20:34.098Z","herondevteam@ab.gridlexmail.com","Included","auto","No","10544","1471","460800","7139","479954","0.17"
"2025-12-05T05:11:58.354Z","herondevteam@ab.gridlexmail.com","Included","auto","No","67180","2496","260608","7339","337623","0.20"
"2025-12-05T04:28:03.920Z","herondevteam@ab.gridlexmail.com","Included","claude-4.5-opus-high-thinking","No","19931","62","263472","5594","289059","0.31"
"2025-12-04T14:29:59.617Z","herondevteam@ab.gridlexmail.com","Included","claude-4.5-opus-high-thinking","No","60291","1144","150288","780","212503","0.34"
"2025-12-04T14:18:33.195Z","herondevteam@ab.gridlexmail.com","Included","claude-4.5-opus-high-thinking","No","12183","937","246782","3976","263878","0.25"
"2025-12-04T14:12:29.162Z","herondevteam@ab.gridlexmail.com","Included","claude-4.5-opus-high-thinking","No","45723","62","519162","13204","578151","0.67"
"2025-12-04T14:03:42.838Z","herondevteam@ab.gridlexmail.com","Included","claude-4.5-opus-high-thinking","No","169712","401","669149","22357","861619","1.39"
"2025-12-04T13:48:50.609Z","herondevteam@ab.gridlexmail.com","Included","claude-4.5-opus-high-thinking","No","32519","1942","529047","18126","581634","0.70"
"2025-12-04T13:42:40.506Z","herondevteam@ab.gridlexmail.com","Included","claude-4.5-opus-high-thinking","No","116785","1904","491975","10349","621013","0.90"
"2025-12-04T11:36:41.829Z","herondevteam@ab.gridlexmail.com","Included","claude-4.5-opus-high-thinking","No","6975","713","1850470","2259","1860417","1.08"
"2025-12-04T11:35:46.774Z","herondevteam@ab.gridlexmail.com","Included","claude-4.5-opus-high-thinking","No","153967","693","10656","562","165878","0.63"
"2025-12-04T11:26:55.494Z","herondevteam@ab.gridlexmail.com","Included","claude-4.5-opus-high-thinking","No","29807","1854","5585742","14745","5632148","3.42"
"2025-12-04T11:25:38.661Z","herondevteam@ab.gridlexmail.com","Included","claude-4.5-opus-high-thinking","No","747","70","267277","565","268659","0.16"
"2025-12-04T11:24:53.784Z","herondevteam@ab.gridlexmail.com","Included","claude-4.5-opus-high-thinking","No","122834","130","10656","169","133789","0.50"
"2025-12-04T09:52:37.414Z","herondevteam@ab.gridlexmail.com","Included","claude-4.5-opus-high-thinking","No","39098","7","11272","1895","52272","0.19"
"2025-12-04T09:46:58.130Z","herondevteam@ab.gridlexmail.com","Included","claude-4.5-opus-high-thinking","No","32225","258","114530","8965","155978","0.33"
"2025-12-04T09:21:47.348Z","herondevteam@ab.gridlexmail.com","Included","gpt-4o","No","0","0","0","0","0","0.00"
"2025-12-04T09:20:14.376Z","herondevteam@ab.gridlexmail.com","Included","gpt-4o","No","0","0","0","0","0","0.00"
"2025-12-04T08:04:06.386Z","herondevteam@ab.gridlexmail.com","Included","claude-4.5-opus-high-thinking","No","16274","3265","1754884","4903","1779326","1.12"
"2025-12-04T08:02:18.301Z","herondevteam@ab.gridlexmail.com","Included","claude-4.5-opus-high-thinking","No","3559","2890","120867","501","127817","0.10"
"2025-12-04T08:01:50.985Z","herondevteam@ab.gridlexmail.com","Included","claude-4.5-opus-high-thinking","No","308","2894","120559","672","124433","0.09"
"2025-12-04T08:00:28.423Z","herondevteam@ab.gridlexmail.com","Included","claude-4.5-opus-high-thinking","No","7303","3039","230254","621","241217","0.18"
"2025-12-04T07:58:06.846Z","herondevteam@ab.gridlexmail.com","Included","claude-4.5-opus-high-thinking","No","480","3062","112776","685","117003","0.08"
"2025-12-04T07:55:37.799Z","herondevteam@ab.gridlexmail.com","Included","claude-4.5-opus-high-thinking","No","8087","2356","1531372","2919","1544734","0.93"
"2025-12-04T07:38:30.838Z","herondevteam@ab.gridlexmail.com","Included","claude-4.5-opus-high-thinking","No","167414","466","1145444","55618","1368942","2.15"
"2025-12-04T07:33:13.513Z","herondevteam@ab.gridlexmail.com","Included","auto","No","96199","0","344320","732","441251","0.21"
"2025-12-04T07:31:50.138Z","herondevteam@ab.gridlexmail.com","Included","auto","No","92596","0","98816","3701","195113","0.16"
"2025-12-04T07:30:07.793Z","herondevteam@ab.gridlexmail.com","Included","claude-4.5-opus-high-thinking","No","10580","12","23592","3374","37558","0.11"
"2025-12-04T07:28:53.158Z","herondevteam@ab.gridlexmail.com","Included","auto","No","9303","2466","41984","6099","59852","0.06"
"2025-12-04T06:50:44.482Z","herondevteam@ab.gridlexmail.com","Included","claude-4.5-opus-high-thinking","No","58478","305","72777","1197","132757","0.29"
"2025-12-04T06:42:26.110Z","herondevteam@ab.gridlexmail.com","Included","claude-4.5-opus-high-thinking","No","48731","319","62992","1639","113681","0.26"
"2025-12-04T06:33:10.396Z","herondevteam@ab.gridlexmail.com","Included","claude-4.5-opus-high-thinking","No","38850","9715","43715","1735","94015","0.24"
"2025-12-04T05:16:53.205Z","herondevteam@ab.gridlexmail.com","Included","claude-4.5-opus-high-thinking","No","20742","1992","102526","1357","126617","0.17"
"2025-12-04T05:03:43.471Z","herondevteam@ab.gridlexmail.com","Included","claude-4.5-opus-high-thinking","No","16340","405","137413","3009","157167","0.19"
"2025-12-04T04:56:43.883Z","herondevteam@ab.gridlexmail.com","Included","claude-4.5-opus-high-thinking","No","10248","32","85412","2183","97875","0.12"
"2025-12-03T17:31:52.723Z","herondevteam@ab.gridlexmail.com","Included","claude-4.5-opus-high-thinking","No","27695","400","87382","1156","116633","0.18"
"2025-12-03T17:24:00.371Z","herondevteam@ab.gridlexmail.com","Included","claude-4.5-opus-high-thinking","No","20430","12","33427","6030","59899","0.19"
"2025-12-03T12:59:54.992Z","herondevteam@ab.gridlexmail.com","Included","claude-4.5-opus-high-thinking","No","1659","414","45582","929","48584","0.05"
"2025-12-03T12:57:48.980Z","herondevteam@ab.gridlexmail.com","Included","claude-4.5-opus-high-thinking","No","3635","320","122121","1203","127279","0.10"
"2025-12-03T12:56:30.447Z","herondevteam@ab.gridlexmail.com","Included","claude-4.5-opus-high-thinking","No","1891","275","52732","802","55700","0.05"
"2025-12-03T12:55:32.274Z","herondevteam@ab.gridlexmail.com","Included","claude-4.5-opus-high-thinking","No","6452","555","58954","860","66821","0.07"
"2025-12-03T12:48:46.067Z","herondevteam@ab.gridlexmail.com","Included","gpt-4o","No","0","0","0","0","0","0.00"
"2025-12-03T12:32:30.769Z","herondevteam@ab.gridlexmail.com","Included","claude-4.5-opus-high-thinking","No","46475","489","181565","1192","229721","0.31"
"2025-12-03T12:24:28.291Z","herondevteam@ab.gridlexmail.com","Included","gpt-4o","No","0","0","0","0","0","0.00"
"2025-12-03T12:23:32.617Z","herondevteam@ab.gridlexmail.com","Included","gpt-4o","No","0","0","0","0","0","0.00"
"2025-12-03T12:18:20.567Z","herondevteam@ab.gridlexmail.com","Included","gpt-4o","No","0","0","0","0","0","0.00"
"2025-12-03T12:15:27.387Z","herondevteam@ab.gridlexmail.com","Included","gpt-4o","No","0","0","0","0","0","0.00"
"2025-12-03T11:08:13.252Z","herondevteam@ab.gridlexmail.com","Included","claude-4.5-opus-high-thinking","No","43925","284","56765","817","101791","0.22"
"2025-12-03T11:01:55.792Z","herondevteam@ab.gridlexmail.com","Included","claude-4.5-opus-high-thinking","No","32089","295","44875","2269","79528","0.19"
"2025-12-03T09:57:25.747Z","herondevteam@ab.gridlexmail.com","Included","claude-4.5-opus-high-thinking","No","20633","6","11272","1705","33616","0.11"
"2025-12-03T08:14:39.140Z","herondevteam@ab.gridlexmail.com","Included","claude-4.5-opus-high-thinking","No","4092","32","62476","2344","68944","0.09"
"2025-12-03T07:51:42.510Z","herondevteam@ab.gridlexmail.com","Included","auto","No","12400","0","92416","1803","106619","0.05"
"2025-12-03T06:47:33.766Z","herondevteam@ab.gridlexmail.com","Included","claude-4.5-opus-high-thinking","No","9882","7","11272","1566","22727","0.07"
"2025-12-02T11:34:24.794Z","herondevteam@ab.gridlexmail.com","Included","claude-4.5-sonnet-thinking","No","980","9","10523","1669","13181","0.04"
"2025-12-01T13:55:31.795Z","herondevteam@ab.gridlexmail.com","Included","composer-1","Yes","57","0","94048","104","94209","0.02"
"2025-12-01T13:55:25.671Z","herondevteam@ab.gridlexmail.com","Included","composer-1","Yes","114","0","93920","56","94090","0.02"
"2025-12-01T13:55:23.888Z","herondevteam@ab.gridlexmail.com","Included","composer-1","Yes","290","0","93408","260","93958","0.02"
"2025-12-01T13:55:18.225Z","herondevteam@ab.gridlexmail.com","Included","composer-1","Yes","36563","0","56800","109","93472","0.05"
"2025-12-01T13:46:41.122Z","herondevteam@ab.gridlexmail.com","Included","auto","No","0","0","0","0","0","0.00"
"2025-12-01T13:37:17.889Z","herondevteam@ab.gridlexmail.com","Included","composer-1","Yes","322","0","92128","639","93089","0.03"
"2025-12-01T13:37:17.841Z","herondevteam@ab.gridlexmail.com","Included","composer-1","Yes","0","0","0","0","0","0.00"
"2025-12-01T13:37:08.148Z","herondevteam@ab.gridlexmail.com","Included","composer-1","Yes","297","0","91680","189","92166","0.02"
"2025-12-01T13:36:53.402Z","herondevteam@ab.gridlexmail.com","Included","composer-1","Yes","0","0","0","0","0","0.00"
"2025-12-01T13:36:43.626Z","herondevteam@ab.gridlexmail.com","Included","composer-1","Yes","0","0","0","0","0","0.00"
"2025-12-01T13:36:19.441Z","herondevteam@ab.gridlexmail.com","Included","composer-1","Yes","294","0","85440","5994","91728","0.05"
"2025-12-01T13:35:53.631Z","herondevteam@ab.gridlexmail.com","Included","composer-1","Yes","132","0","82080","3446","85658","0.03"
"2025-12-01T13:35:49.624Z","herondevteam@ab.gridlexmail.com","Included","composer-1","Yes","1148","0","77856","3132","82136","0.03"
"2025-12-01T13:35:25.693Z","herondevteam@ab.gridlexmail.com","Included","composer-1","Yes","140","0","77760","83","77983","0.02"
"2025-12-01T13:35:06.320Z","herondevteam@ab.gridlexmail.com","Included","composer-1","Yes","756","0","74016","3052","77824","0.03"
"2025-12-01T13:34:49.182Z","herondevteam@ab.gridlexmail.com","Included","composer-1","Yes","282","0","72448","1966","74696","0.03"
"2025-12-01T13:34:47.692Z","herondevteam@ab.gridlexmail.com","Included","composer-1","Yes","1194","0","68960","2500","72654","0.03"
"2025-12-01T13:34:47.318Z","herondevteam@ab.gridlexmail.com","Included","composer-1","Yes","0","0","0","0","0","0.00"
"2025-12-01T13:34:47.149Z","herondevteam@ab.gridlexmail.com","Included","composer-1","Yes","0","0","0","0","0","0.00"
"2025-12-01T13:34:45.909Z","herondevteam@ab.gridlexmail.com","Included","composer-1","Yes","0","0","0","0","0","0.00"
"2025-12-01T13:34:43.541Z","herondevteam@ab.gridlexmail.com","Included","composer-1","Yes","6668","0","61792","538","68998","0.02"
"2025-12-01T13:34:43.417Z","herondevteam@ab.gridlexmail.com","Included","composer-1","Yes","0","0","0","0","0","0.00"
"2025-12-01T13:34:43.239Z","herondevteam@ab.gridlexmail.com","Included","composer-1","Yes","0","0","0","0","0","0.00"
"2025-12-01T13:34:43.104Z","herondevteam@ab.gridlexmail.com","Included","composer-1","Yes","0","0","0","0","0","0.00"
"2025-12-01T13:34:42.335Z","herondevteam@ab.gridlexmail.com","Included","composer-1","Yes","0","0","0","0","0","0.00"
"2025-12-01T13:34:38.307Z","herondevteam@ab.gridlexmail.com","Included","composer-1","Yes","13729","0","47712","416","61857","0.03"
"2025-12-01T13:34:38.247Z","herondevteam@ab.gridlexmail.com","Included","composer-1","Yes","0","0","0","0","0","0.00"
"2025-12-01T13:34:38.113Z","herondevteam@ab.gridlexmail.com","Included","composer-1","Yes","0","0","0","0","0","0.00"
"2025-12-01T13:34:37.712Z","herondevteam@ab.gridlexmail.com","Included","composer-1","Yes","0","0","0","0","0","0.00"
"2025-12-01T13:34:37.491Z","herondevteam@ab.gridlexmail.com","Included","composer-1","Yes","0","0","0","0","0","0.00"
"2025-12-01T13:34:37.301Z","herondevteam@ab.gridlexmail.com","Included","composer-1","Yes","0","0","0","0","0","0.00"
"2025-12-01T13:34:37.131Z","herondevteam@ab.gridlexmail.com","Included","composer-1","Yes","0","0","0","0","0","0.00"
"2025-12-01T13:34:36.821Z","herondevteam@ab.gridlexmail.com","Included","composer-1","Yes","0","0","0","0","0","0.00"
"2025-12-01T13:34:36.705Z","herondevteam@ab.gridlexmail.com","Included","composer-1","Yes","0","0","0","0","0","0.00"
"2025-12-01T13:34:36.459Z","herondevteam@ab.gridlexmail.com","Included","composer-1","Yes","0","0","0","0","0","0.00"
"2025-12-01T13:34:36.267Z","herondevteam@ab.gridlexmail.com","Included","composer-1","Yes","0","0","0","0","0","0.00"
"2025-12-01T13:34:36.148Z","herondevteam@ab.gridlexmail.com","Included","composer-1","Yes","0","0","0","0","0","0.00"
"2025-12-01T13:34:33.687Z","herondevteam@ab.gridlexmail.com","Included","composer-1","Yes","2264","0","44800","687","47751","0.02"
"2025-12-01T13:33:24.213Z","herondevteam@ab.gridlexmail.com","Included","composer-1","Yes","477","0","45824","412","46713","0.01"
"2025-12-01T13:33:22.615Z","herondevteam@ab.gridlexmail.com","Included","composer-1","Yes","63","0","45600","196","45859","0.01"
"2025-12-01T13:33:00.544Z","herondevteam@ab.gridlexmail.com","Included","composer-1","Yes","148","0","45440","60","45648","0.01"
"2025-12-01T13:32:59.211Z","herondevteam@ab.gridlexmail.com","Included","composer-1","Yes","1146","0","41088","3244","45478","0.02"
"2025-12-01T13:32:59.155Z","herondevteam@ab.gridlexmail.com","Included","composer-1","Yes","0","0","0","0","0","0.00"
"2025-12-01T13:32:57.175Z","herondevteam@ab.gridlexmail.com","Included","composer-1","Yes","1121","0","39904","125","41150","0.01"
"2025-12-01T13:32:57.063Z","herondevteam@ab.gridlexmail.com","Included","composer-1","Yes","0","0","0","0","0","0.00"
"2025-12-01T13:32:56.010Z","herondevteam@ab.gridlexmail.com","Included","composer-1","Yes","2075","0","37792","102","39969","0.01"
"2025-12-01T13:32:55.793Z","herondevteam@ab.gridlexmail.com","Included","composer-1","Yes","0","0","0","0","0","0.00"
"2025-12-01T13:32:55.733Z","herondevteam@ab.gridlexmail.com","Included","composer-1","Yes","0","0","0","0","0","0.00"
"2025-12-01T13:32:53.055Z","herondevteam@ab.gridlexmail.com","Included","composer-1","Yes","31437","0","6176","216","37829","0.03"
"2025-12-01T13:30:42.767Z","herondevteam@ab.gridlexmail.com","Included","auto","No","31691","0","105728","1491","138910","0.07"
"2025-12-01T11:47:28.025Z","herondevteam@ab.gridlexmail.com","Included","auto","No","7486","0","115968","2335","125789","0.05"
"2025-12-01T11:43:49.739Z","herondevteam@ab.gridlexmail.com","Included","auto","No","6687","0","177664","3571","187922","0.07"
"2025-12-01T11:42:03.865Z","herondevteam@ab.gridlexmail.com","Included","claude-4.5-sonnet-thinking","No","9434","39","68522","1159","79154","0.09"
"2025-12-01T11:35:35.619Z","herondevteam@ab.gridlexmail.com","Included","auto","No","4209","3753","155648","2106","165716","0.06"
"2025-12-01T11:31:50.688Z","herondevteam@ab.gridlexmail.com","Included","auto","No","24011","0","144128","2050","170189","0.08"
"2025-12-01T10:38:03.311Z","herondevteam@ab.gridlexmail.com","Included","auto","No","0","0","0","0","0","0.00"
"2025-12-01T10:31:06.337Z","herondevteam@ab.gridlexmail.com","Included","auto","No","0","0","0","0","0","0.00"
"2025-12-01T10:27:04.367Z","herondevteam@ab.gridlexmail.com","Included","composer-1","Yes","0","0","0","0","0","0.00"
"2025-12-01T10:26:58.810Z","herondevteam@ab.gridlexmail.com","Included","composer-1","Yes","0","0","0","0","0","0.00"
"2025-12-01T10:26:01.144Z","herondevteam@ab.gridlexmail.com","Included","composer-1","Yes","0","0","0","0","0","0.00"
"2025-12-01T10:25:57.753Z","herondevteam@ab.gridlexmail.com","Included","composer-1","Yes","0","0","0","0","0","0.00"
"2025-12-01T10:25:13.728Z","herondevteam@ab.gridlexmail.com","Included","composer-1","Yes","0","0","0","0","0","0.00"
"2025-12-01T10:17:33.031Z","herondevteam@ab.gridlexmail.com","Included","composer-1","Yes","0","0","0","0","0","0.00"
"2025-12-01T10:17:16.466Z","herondevteam@ab.gridlexmail.com","Included","claude-4.5-sonnet-thinking","No","0","0","0","0","0","0.00"
"2025-12-01T10:16:49.279Z","herondevteam@ab.gridlexmail.com","Included","auto","No","0","0","0","0","0","0.00"
"2025-12-01T09:59:07.531Z","herondevteam@ab.gridlexmail.com","Included","auto","No","0","0","0","0","0","0.00"
"2025-12-01T09:53:09.852Z","herondevteam@ab.gridlexmail.com","Included","auto","No","0","0","0","0","0","0.00"
"2025-12-01T09:53:07.222Z","herondevteam@ab.gridlexmail.com","Included","auto","No","0","0","0","0","0","0.00"
"2025-12-01T09:53:03.563Z","herondevteam@ab.gridlexmail.com","Included","auto","No","0","0","0","0","0","0.00"
"2025-12-01T09:51:40.100Z","herondevteam@ab.gridlexmail.com","Included","auto","No","0","0","0","0","0","0.00"
"2025-12-01T08:10:46.193Z","herondevteam@ab.gridlexmail.com","Included","auto","No","28580","0","204032","12287","244899","0.16"
"2025-12-01T08:10:27.379Z","herondevteam@ab.gridlexmail.com","Included","auto","No","6262","0","21248","0","27510","0.01"
"2025-12-01T08:08:47.790Z","herondevteam@ab.gridlexmail.com","Included","auto","No","0","0","0","0","0","0.00"
"2025-12-01T08:07:03.643Z","herondevteam@ab.gridlexmail.com","Included","auto","No","17163","0","157184","5381","179728","0.09"
"2025-12-01T07:27:06.155Z","herondevteam@ab.gridlexmail.com","Included","auto","No","0","0","0","0","0","0.00"
"2025-12-01T07:26:57.912Z","herondevteam@ab.gridlexmail.com","Included","auto","No","0","0","0","0","0","0.00"
"2025-12-01T07:26:24.500Z","herondevteam@ab.gridlexmail.com","Included","auto","No","0","0","0","0","0","0.00"
"2025-12-01T07:26:17.548Z","herondevteam@ab.gridlexmail.com","Included","auto","No","0","0","0","0","0","0.00"
"2025-12-01T07:25:02.234Z","herondevteam@ab.gridlexmail.com","Included","auto","No","3780","0","314112","2108","320000","0.10"
"2025-12-01T07:24:57.372Z","herondevteam@ab.gridlexmail.com","Included","auto","No","0","0","0","0","0","0.00"
"2025-12-01T07:23:31.915Z","herondevteam@ab.gridlexmail.com","Included","auto","No","2393","19898","117760","1247","141298","0.06"
"2025-12-01T07:19:58.653Z","herondevteam@ab.gridlexmail.com","Included","auto","No","5517","16930","164096","3316","189859","0.09"
"2025-12-01T07:17:02.673Z","herondevteam@ab.gridlexmail.com","Included","auto","No","48149","14023","207616","3781","273569","0.15"
"2025-12-01T06:25:50.298Z","herondevteam@ab.gridlexmail.com","Included","auto","No","10227","0","388096","4560","402883","0.14"
"2025-12-01T06:20:55.546Z","herondevteam@ab.gridlexmail.com","Included","auto","No","6391","6030","177920","2797","193138","0.08"
"2025-12-01T06:19:52.217Z","herondevteam@ab.gridlexmail.com","Included","auto","No","3862","4270","126208","1903","136243","0.05"
"2025-12-01T06:12:36.100Z","herondevteam@ab.gridlexmail.com","Included","auto","No","25436","0","199424","2290","227150","0.10"
"2025-12-01T06:12:15.907Z","herondevteam@ab.gridlexmail.com","Included","auto","No","0","0","0","0","0","0.00"
"2025-11-30T18:08:43.476Z","herondevteam@ab.gridlexmail.com","Included","auto","No","8440","1972","594176","3179","607767","0.18"
"2025-11-30T18:07:04.841Z","herondevteam@ab.gridlexmail.com","Included","auto","No","2676","0","341504","1045","345225","0.09"
"2025-11-30T18:05:36.447Z","herondevteam@ab.gridlexmail.com","Included","auto","No","3500","0","332288","1376","337164","0.10"
"2025-11-30T18:02:58.399Z","herondevteam@ab.gridlexmail.com","Included","auto","No","4726","0","322048","1334","328108","0.09"
"2025-11-30T18:01:02.004Z","herondevteam@ab.gridlexmail.com","Included","auto","No","6449","0","416000","1444","423893","0.12"
"2025-11-30T17:56:02.272Z","herondevteam@ab.gridlexmail.com","Included","auto","No","9773","0","385792","2551","398116","0.12"
"2025-11-30T17:52:50.254Z","herondevteam@ab.gridlexmail.com","Included","auto","No","4294","0","267776","1355","273425","0.08"
"2025-11-30T17:51:17.607Z","herondevteam@ab.gridlexmail.com","Included","auto","No","3364","1972","259328","1382","266046","0.08"
"2025-11-30T17:49:08.980Z","herondevteam@ab.gridlexmail.com","Included","auto","No","2870","0","250368","1183","254421","0.07"
"2025-11-30T17:47:44.139Z","herondevteam@ab.gridlexmail.com","Included","auto","No","4548","0","158976","1639","165163","0.06"
"2025-11-30T17:46:28.243Z","herondevteam@ab.gridlexmail.com","Included","auto","No","3518","31892","232448","1285","269143","0.11"
"2025-11-30T17:40:21.609Z","herondevteam@ab.gridlexmail.com","Included","auto","No","5701","29326","292352","2578","329957","0.13"
"2025-11-30T17:37:45.235Z","herondevteam@ab.gridlexmail.com","Included","auto","No","9198","26152","335360","3263","373973","0.15"
"2025-11-30T17:33:28.164Z","herondevteam@ab.gridlexmail.com","Included","auto","No","10150","46190","554496","3521","614357","0.23"
"2025-11-30T17:29:50.951Z","herondevteam@ab.gridlexmail.com","Included","auto","No","7873","0","261120","4117","273110","0.10"
"2025-11-30T17:28:33.661Z","herondevteam@ab.gridlexmail.com","Included","auto","No","5187","0","231424","1370","237981","0.07"
"2025-11-30T17:26:36.751Z","herondevteam@ab.gridlexmail.com","Included","auto","No","1623","0","86528","571","88722","0.03"
"2025-11-30T17:23:44.582Z","herondevteam@ab.gridlexmail.com","Included","auto","No","4854","0","123648","486","128988","0.04"
"2025-11-30T17:22:07.312Z","herondevteam@ab.gridlexmail.com","Included","auto","No","8590","13221","221952","3792","247555","0.11"
"2025-11-30T17:20:13.560Z","herondevteam@ab.gridlexmail.com","Included","auto","No","9357","0","88064","2511","99932","0.05"
"2025-11-30T17:17:56.133Z","herondevteam@ab.gridlexmail.com","Included","auto","No","24403","1972","103680","3074","133129","0.08"
